"Name","Location","Type","Data Type","Namespace","Source"
"ToBtlPadScrollWait","00898db0","Data Label","undefined","Global","User Defined"
"+EMPTY_STRING","00b8fbdb","Data Label","string","Global","User Defined"
"asmreg_R","00c0a000","Data Label","undefined4","Global","User Defined"
"asmreg_vf0","00c0a004","Data Label","Vector4","Global","User Defined"
"s_preferredThreadCount","00c0b950","Data Label","undefined4","Global","User Defined"
"s_preferredWorkspaceSize","00c0b954","Data Label","undefined4","Global","User Defined"
"s_preferredStackSize","00c0b958","Data Label","undefined4","Global","User Defined"
"s_preferredMaxJobCount","00c0b95c","Data Label","undefined4","Global","User Defined"
"g_currentVFXType","00c322a2","Data Label","undefined1","Global","User Defined"
"eternalCalmId","00c33460","Data Label","undefined4","Global","User Defined"
"eternalCalmSize","00c3347c","Data Label","undefined","Global","User Defined"
"eternalCalmMgrpSize","00c33498","Data Label","undefined","Global","User Defined"
"eternalCalmName","00c334b0","Data Label","undefined *","Global","User Defined"
"eternalMgrpName","00c334cc","Data Label","undefined *","Global","User Defined"
"tex_single","00c33608","Data Label","pointer","Global","User Defined"
"tex_multi","00c3360c","Data Label","pointer","Global","User Defined"
"gExcludeFromCacheKeywords","00c34174","Data Label","pointer","Global","User Defined"
"LOADING_SCREEN_LOGO_PATHS","00c34f68","Data Label","pointer","Global","User Defined"
"PC_IconFilePath","00c35028","Data Label","string","Global","User Defined"
"Joypad_IconFilePath","00c35068","Data Label","string","Global","User Defined"
"SAVELOAD_FILENAME","00c35774","Data Label","pointer","Global","User Defined"
"curCameraDataFloatCount","00c38e10","Data Label","undefined4","Global","User Defined"
"vecRgba8Denom","00c3a480","Data Label","undefined","Global","User Defined"
"lppEnv","00c3a4c4","Data Label","pointer","Global","User Defined"
"vfxAlphaLimit","00c3a4c8","Data Label","undefined","Global","User Defined"
"VFX_UseOptimizedTrans","00c3a4d4","Data Label","undefined4","Global","User Defined"
"g_fprim_id","00c3a4f8","Data Label","undefined4","Global","User Defined"
"g_fpct","00c3a4fc","Data Label","undefined4","Global","User Defined"
"pppSysProgTbl","00c3a500","Data Label","pointer","Global","User Defined"
"g_scrZ","00c3e710","Data Label","undefined","Global","User Defined"
"pppProgTbl","00c3e770","Data Label","undefined","Global","User Defined"
"gMovieDrawChr","00c40e1c","Data Label","undefined4","Global","User Defined"
"AtelCallTargetsMovie","00c40e20","Data Label","AtelCallTargetsMovie","Global","User Defined"
"EnableBattle","00c421bc","Data Label","undefined4","Global","User Defined"
"gCurrentBattleNum","00c421c0","Data Label","undefined4","Global","User Defined"
"g_encounter_level","00c421c8","Data Label","undefined4","Global","User Defined"
"gLoadingPhyreCharacterData","00c421cc","Data Label","undefined4","Global","User Defined"
"msEventEffectReadTime","00c421d4","Data Label","undefined4","Global","User Defined"
"msEffectReadTime","00c421d8","Data Label","undefined4","Global","User Defined"
"isAlive","00c421ec","Data Label","undefined4","Global","User Defined"
"ms_rand_seed_normal","00c421f0","Data Label","int","Global","User Defined"
"ms_rand_seed_timer","00c421f4","Data Label","int","Global","User Defined"
"ms_stat_normal_data","00c423d8","Data Label","StatusData[12]","Global","User Defined"
"ms_stat_count_data","00c42454","Data Label","StatusData[13]","Global","User Defined"
"AtelCallTargetsBattle","00c42618","Data Label","AtelCallTargetsBattle","Global","User Defined"
"+TidusLimitIds","00c43938","Data Label","ushort[4]","Global","User Defined"
"+TidusLimitRequirements","00c43940","Data Label","int[4]","Global","User Defined"
"ms_weapon_motion_id","00c43974","Data Label","undefined2","Global","User Defined"
"AtelCallTargetsCamera","00c43988","Data Label","AtelCallTargetsCamera","Global","User Defined"
"ms_screen_width","00c44230","Data Label","undefined4","Global","User Defined"
"ms_screen_height","00c44234","Data Label","undefined4","Global","User Defined"
"ms_actor_str","00c44940","Data Label","string *[31]","Global","User Defined"
"ms_output_name","00c449f0","Data Label","string","Global","User Defined"
"ms_system_name","00c449f8","Data Label","string","Global","User Defined"
"eff_sin_t","00c44be0","Data Label","undefined4","Global","User Defined"
"ot_eot_eternal","00c48d88","Data Label","pointer","Global","User Defined"
"opu_rgba_map_curScale","00c48e64","Data Label","undefined","Global","User Defined"
"sg_user_name","00c494a8","Data Label","pointer","Global","User Defined"
"g_iCamResetMoveNum","00c494c8","Data Label","undefined4","Global","User Defined"
"fadeType","00c496d0","Data Label","undefined4","Global","User Defined"
"sg_packet","00c498dc","Data Label","undefined4","Global","User Defined"
"AtelCallTargetsCommon","00c50050","Data Label","AtelCallTargetsCommon","Global","User Defined"
"gMusicToPlayAfterLoadingAutoSave","00c526d0","Data Label","undefined4","Global","User Defined"
"AtelCallTargetsDefault","00c52b60","Data Label","AtelCallTargetsDefault","Global","User Defined"
"AtelCallTargetsMath","00c52be0","Data Label","AtelCallTargetsMath","Global","User Defined"
"AtelCallTargetsDebug","00c52dd8","Data Label","AtelCallTargetsDebug","Global","User Defined"
"keyMode","00c58ef0","Data Label","undefined4","Global","User Defined"
"isBtlWindowControlEnable","00c58ef8","Data Label","undefined4","Global","User Defined"
"TkMenuBtlEnd","00c59524","Data Label","TkMenu","Global","User Defined"
"SYSTEM_CONFIRM_BUTTON_ASSIGN","00c59554","Data Label","undefined4","Global","User Defined"
"IsForceDisplaySubtitle","00c59558","Data Label","undefined4","Global","User Defined"
"messageButtonData","00c5955c","Data Label","undefined4","Global","User Defined"
"UIButtonDataNum","00c59560","Data Label","undefined4","Global","User Defined"
"MES_HELP_EXTRAFONT_SHADOW_PATH","00c59938","Data Label","pointer","Global","User Defined"
"MES_HELP_EXTRAFONT_SHADOW_CH_PATH","00c59980","Data Label","pointer","Global","User Defined"
"MES_HELP_EXTRAFONT_SHADOW_KR_PATH","00c599c0","Data Label","pointer","Global","User Defined"
"FONT_NAME","00c59bc0","Data Label","pointer","Global","User Defined"
"FONT_SHADOW_NAME","00c59c00","Data Label","pointer","Global","User Defined"
"MAINMENU_WAVE_PATH","00c59c40","Data Label","pointer","Global","User Defined"
"FACE_PLY_NAME","00c59d64","Data Label","pointer","Global","User Defined"
"FACE_SMN_NAME","00c59d68","Data Label","pointer","Global","User Defined"
"WORLD_MAP_NAME","00c59d6c","Data Label","pointer","Global","User Defined"
"WATER_WAVE_TEX_NAME","00c59d74","Data Label","pointer","Global","User Defined"
"MENU_BG_TEX_NAME","00c59d78","Data Label","pointer","Global","User Defined"
"MENU_NEW_TEX_NAME","00c59d7c","Data Label","pointer","Global","User Defined"
"SUMMONBG_TEX_NAME","00c59d84","Data Label","pointer","Global","User Defined"
"SMONITOR_TEX_NAME_CH","00c59d88","Data Label","pointer","Global","User Defined"
"SMONITOR_TEX_NAME_DE","00c59d90","Data Label","pointer","Global","User Defined"
"SMONITOR_TEX_NAME_FR","00c59d94","Data Label","pointer","Global","User Defined"
"SMONITOR_TEX_NAME_IT","00c59d98","Data Label","pointer","Global","User Defined"
"SMONITOR_TEX_NAME_JP","00c59d9c","Data Label","pointer","Global","User Defined"
"SMONITOR_TEX_NAME_KR","00c59da0","Data Label","pointer","Global","User Defined"
"SMONITOR_TEX_NAME_SP","00c59da4","Data Label","pointer","Global","User Defined"
"SMONITOR_TEX_NAME_US","00c59da8","Data Label","pointer","Global","User Defined"
"NOW_HELP_TEX_NAME_JP","00c59dac","Data Label","pointer","Global","User Defined"
"NOW_HELP_TEX_NAME_CH","00c59db0","Data Label","pointer","Global","User Defined"
"NOW_HELP_TEX_NAME_DE","00c59db4","Data Label","pointer","Global","User Defined"
"NOW_HELP_TEX_NAME_FR","00c59db8","Data Label","pointer","Global","User Defined"
"NOW_HELP_TEX_NAME_IT","00c59dbc","Data Label","pointer","Global","User Defined"
"NOW_HELP_TEX_NAME_SP","00c59dc4","Data Label","pointer","Global","User Defined"
"NOW_HELP_TEX_NAME_US","00c59dc8","Data Label","pointer","Global","User Defined"
"MON_BOKU_TEX0_NAME","00c59dcc","Data Label","pointer","Global","User Defined"
"MON_BOKU_TEX1_NAME","00c59dd0","Data Label","pointer","Global","User Defined"
"MON_BOKU_TEX2_NAME","00c59dd4","Data Label","pointer","Global","User Defined"
"MON_BOKU_TEX3_NAME","00c59dd8","Data Label","pointer","Global","User Defined"
"MON_BOKU_TEX0_NAME_US","00c59ddc","Data Label","pointer","Global","User Defined"
"MON_BOKU_TEX1_NAME_US","00c59de0","Data Label","pointer","Global","User Defined"
"MON_BOKU_TEX2_NAME_US","00c59de4","Data Label","pointer","Global","User Defined"
"MON_BOKU_TEX3_NAME_US","00c59de8","Data Label","pointer","Global","User Defined"
"MON_BOKU_TEX0_NAME_FR","00c59dec","Data Label","pointer","Global","User Defined"
"MON_BOKU_TEX1_NAME_FR","00c59df0","Data Label","pointer","Global","User Defined"
"MON_BOKU_TEX2_NAME_FR","00c59df4","Data Label","pointer","Global","User Defined"
"MON_BOKU_TEX3_NAME_FR","00c59df8","Data Label","pointer","Global","User Defined"
"MON_BOKU_TEX0_NAME_ES","00c59dfc","Data Label","pointer","Global","User Defined"
"MON_BOKU_TEX1_NAME_ES","00c59e00","Data Label","pointer","Global","User Defined"
"MON_BOKU_TEX2_NAME_ES","00c59e04","Data Label","pointer","Global","User Defined"
"MON_BOKU_TEX3_NAME_ES","00c59e08","Data Label","pointer","Global","User Defined"
"MON_BOKU_TEX0_NAME_DE","00c59e0c","Data Label","pointer","Global","User Defined"
"MON_BOKU_TEX1_NAME_DE","00c59e10","Data Label","pointer","Global","User Defined"
"MON_BOKU_TEX2_NAME_DE","00c59e14","Data Label","pointer","Global","User Defined"
"MON_BOKU_TEX3_NAME_DE","00c59e18","Data Label","pointer","Global","User Defined"
"MON_BOKU_TEX0_NAME_IT","00c59e1c","Data Label","pointer","Global","User Defined"
"MON_BOKU_TEX1_NAME_IT","00c59e20","Data Label","pointer","Global","User Defined"
"MON_BOKU_TEX2_NAME_IT","00c59e24","Data Label","pointer","Global","User Defined"
"MON_BOKU_TEX3_NAME_IT","00c59e28","Data Label","pointer","Global","User Defined"
"MON_BOKU_TEX0_NAME_KR","00c59e2c","Data Label","pointer","Global","User Defined"
"MON_BOKU_TEX1_NAME_KR","00c59e30","Data Label","pointer","Global","User Defined"
"MON_BOKU_TEX2_NAME_KR","00c59e34","Data Label","pointer","Global","User Defined"
"MON_BOKU_TEX3_NAME_kR","00c59e38","Data Label","pointer","Global","User Defined"
"MON_BOKU_TEX0_NAME_CH_T","00c59e3c","Data Label","pointer","Global","User Defined"
"MON_BOKU_TEX1_NAME_CH_T","00c59e40","Data Label","pointer","Global","User Defined"
"MON_BOKU_TEX2_NAME_CH_T","00c59e44","Data Label","pointer","Global","User Defined"
"MON_BOKU_TEX3_NAME_CH_T","00c59e48","Data Label","pointer","Global","User Defined"
"DREAM_TEX_NAME","00c59ebc","Data Label","pointer","Global","User Defined"
"ETERNAL_CALM_COPYRIGHT_JP_BG_PATH","00c59ed0","Data Label","pointer","Global","User Defined"
"ETERNAL_CALM_COPYRIGHT_NEA_BG_PATH","00c59ed4","Data Label","pointer","Global","User Defined"
"overdriveUIAlpha","00c59f38","Data Label","undefined4","Global","User Defined"
"TkMenuSave","00c59ff0","Data Label","TkMenu","Global","User Defined"
"TkMenuLoad","00c5a014","Data Label","TkMenu","Global","User Defined"
"TkMenuHelp","00c5a08c","Data Label","TkMenu","Global","User Defined"
"TkMenuName","00c5a0b0","Data Label","TkMenu","Global","User Defined"
"TkMenuItem","00c5a2fc","Data Label","TkMenu","Global","User Defined"
"TkMenuAbility","00c5a320","Data Label","TkMenu","Global","User Defined"
"TkMenuConfig","00c5a5e4","Data Label","TkMenu","Global","User Defined"
"TkMenuSummon","00c5a720","Data Label","TkMenu","Global","User Defined"
"TkMenuEquip","00c5a744","Data Label","TkMenu","Global","User Defined"
"TkMenuLimit","00c5a768","Data Label","TkMenu","Global","User Defined"
"TkMenuStatus","00c5a7d8","Data Label","TkMenu","Global","User Defined"
"TkMenuKaizou","00c5a7fc","Data Label","TkMenu","Global","User Defined"
"TkMenuWShop","00c5a844","Data Label","TkMenu","Global","User Defined"
"TkMenuTuto","00c5a8d8","Data Label","TkMenu","Global","User Defined"
"TkMenuMain","00c5b2b0","Data Label","TkMenu","Global","User Defined"
"TkMenuAbilityMap2","00c5b2f4","Data Label","TkMenu","Global","User Defined"
"TkMenuHdd","00c5b318","Data Label","TkMenu","Global","User Defined"
"TkMenuWorldMap","00c5b33c","Data Label","TkMenu","Global","User Defined"
"TkMenuSaveIconFileName","00c5b3fc","Data Label","string","Global","User Defined"
"CloudSaveUITexPaths","00c5b44c","Data Label","pointer","Global","User Defined"
"UiElementScaleX","00c5d778","Data Label","undefined","Global","User Defined"
"UiElementScaleY","00c5d77c","Data Label","undefined","Global","User Defined"
"font_scale_jimaku","00c5d784","Data Label","undefined","Global","User Defined"
"AtelCallTargetsMount","00c5d8c0","Data Label","AtelCallTargetsMount","Global","User Defined"
"AtelCallTargetsMap","00c5dc90","Data Label","AtelCallTargetsMap","Global","User Defined"
"enableMiniMap","00c5e478","Data Label","undefined4","Global","User Defined"
"GUIDE_CIRCLE","00c5e778","Data Label","pointer","Global","User Defined"
"g_OmdPrimSize","00c5e790","Data Label","undefined","Global","User Defined"
"currentMagicId","00c64ca0","Data Label","undefined4","Global","User Defined"
"toBeDeleteMagicId","00c64ca4","Data Label","undefined4","Global","User Defined"
"currentHandle","00c64ca8","Data Label","undefined4","Global","User Defined"
"toBeDeleteHandle","00c64cac","Data Label","undefined4","Global","User Defined"
"UnknownMagicList","00c64cb0","Data Label","undefined4","Global","User Defined"
"g_595hideYunaFlag","00c64cd8","Data Label","undefined4","Global","User Defined"
"gMagicFunctions","00c64ce8","Data Label","undefined *","Global","User Defined"
"AtelCallTargetsAbiMap","00c85eb0","Data Label","AtelCallTargetsAbiMap","Global","User Defined"
"num_texel_att","00c87870","Data Label","undefined2","Global","User Defined"
"num_clut0_att","00c87880","Data Label","undefined2","Global","User Defined"
"num_clut1_att","00c87890","Data Label","undefined2","Global","User Defined"
"num_clut2_att","00c878a0","Data Label","undefined2","Global","User Defined"
"num_clut3_att","00c878b0","Data Label","undefined2","Global","User Defined"
"od_num_texel","00c87d90","Data Label","undefined","Global","User Defined"
"od_num_clut0","00c88590","Data Label","undefined","Global","User Defined"
"od_num_clut1","00c885d0","Data Label","undefined","Global","User Defined"
"od_num_clut2","00c88610","Data Label","undefined","Global","User Defined"
"od_num_clut3","00c88650","Data Label","undefined","Global","User Defined"
"owu_prog0","00c88a94","Data Label","pointer","Global","User Defined"
"owu_prog1","00c88a98","Data Label","undefined *","Global","User Defined"
"AtelCallTargetsSgEvent","00c88d88","Data Label","AtelCallTargetsSgEvent","Global","User Defined"
"AtelCallTargetsChEvent","00c891f8","Data Label","AtelCallTargetsChEvent","Global","User Defined"
"asmemu_relocation_addr","00c8b500","Data Label","undefined4","Global","User Defined"
"asmreg_3","00c8f538","Data Label","undefined4","Global","User Defined"
"asmreg_4","00c8f548","Data Label","undefined4","Global","User Defined"
"asmreg_5","00c8f558","Data Label","undefined4","Global","User Defined"
"asmreg_6","00c8f568","Data Label","undefined4","Global","User Defined"
"asmreg_7","00c8f578","Data Label","undefined4","Global","User Defined"
"asmreg_random_init_flag","00c8f728","Data Label","undefined4","Global","User Defined"
"asmreg_I","00c8f78c","Data Label","undefined","Global","User Defined"
"asmreg_vi16","00c8fac4","Data Label","undefined4","Global","User Defined"
"PClassDescriptor_PTimer","00c901b0","Data Label","PClassDescriptor","Global","User Defined"
"PClassDescriptor_PClusterHeaderBase","00c96aa8","Data Label","PClassDescriptor","Global","User Defined"
"PClassDescriptor_PInstanceListHeader","00c97338","Data Label","PClassDescriptor","Global","User Defined"
"PClassDescriptor_PTextureCommonBase","00ca3530","Data Label","PClassDescriptor","Global","User Defined"
"PClassDescriptor_PTexture2DBase","00ca3738","Data Label","PClassDescriptor","Global","User Defined"
"PClassDescriptor_PTexture2D","00ca37d0","Data Label","PClassDescriptor","Global","User Defined"
"PClassDescriptor_PTexture3D","00ca3b60","Data Label","undefined","Global","User Defined"
"PClassDescriptor_PTextureCubeMap","00ca3ef0","Data Label","undefined","Global","User Defined"
"PClassDescriptor_PParameterBuffer","00ca5040","Data Label","PClassDescriptor","Global","User Defined"
"PClassDescriptor_PMaterial","00ca5268","Data Label","PClassDescriptor","Global","User Defined"
"PClassDescriptor_PTexture2DD3D11","00cb39a0","Data Label","PClassDescriptor","Global","User Defined"
"ptr_new_for_once","00ccb160","Data Label","undefined4","Global","User Defined"
"g_summonTextureReplaceChrInstance","00ccb230","Data Label","undefined4","Global","User Defined"
"g_BreathSoftParticle","00ccb248","Data Label","undefined","Global","User Defined"
"g_chrClothList","00ccb250","Data Label","undefined4","Global","User Defined"
"g_clothMemSpace","00ccb454","Data Label","undefined4","Global","User Defined"
"g_clothMem","00ccb458","Data Label","undefined4","Global","User Defined"
"graphic0146Key","00ccb460","Data Label","undefined1","Global","User Defined"
"loadingCallbackMutex","00ccb6d0","Data Label","undefined4","Global","User Defined"
"gCharacterRegistToInstantiateList","00ccb6d4","Data Label","undefined4","Global","User Defined"
"loadingCallbackList","00ccb6e0","Data Label","undefined4","Global","User Defined"
"ffxsjistbl_jp","00ccb95c","Data Label","undefined4","Global","User Defined"
"g_curEventId","00ccb990","Data Label","undefined4","Global","User Defined"
"g_saveLoadScreenState","00ccb994","Data Label","undefined4","Global","User Defined"
"g_saveLoadDialogState","00ccb998","Data Label","undefined4","Global","User Defined"
"g_saveLoadIsSave","00ccb99c","Data Label","undefined4","Global","User Defined"
"g_playerPos","00ccb9a8","Data Label","undefined","Global","User Defined"
"g_is3DScene","00ccb9c0","Data Label","undefined1","Global","User Defined"
"startPlayVfxTextureVideo","00ccb9cc","Data Label","undefined4","Global","User Defined"
"switchTexture","00ccb9d4","Data Label","undefined4","Global","User Defined"
"g_VsyncThreadPtr","00ccc7c0","Data Label","undefined4","Global","User Defined"
"FontShadowTexNames","00ccc7d4","Data Label","undefined4","Global","User Defined"
"FontShadowSonNums","00ccc7ec","Data Label","undefined","Global","User Defined"
"FontShadowType","00ccc804","Data Label","undefined4","Global","User Defined"
"ScreenFade_g_sceneRenderPassTypeInstance","00ccc954","Data Label","undefined","Global","User Defined"
"ScreenFadeSubtract_g_sceneRenderPassTypeInstance","00ccc964","Data Label","undefined","Global","User Defined"
"ScreenFadeAdditive_g_sceneRenderPassTypeInstance","00ccc974","Data Label","undefined","Global","User Defined"
"MotionBlur","00cdebf4","Data Label","undefined4","Global","User Defined"
"sFMVPlayerManager","00cded2c","Data Label","undefined4","Global","User Defined"
"sLanguageManager","00cded48","Data Label","undefined4","Global","User Defined"
"+savefile_size","00ce72f4","Data Label","undefined4","Global","User Defined"
"+savefile","00ce72f8","Data Label","SaveFile *","Global","User Defined"
"SAVE_DATA_ICON_PATH","00ce81a0","Data Label","undefined","Global","User Defined"
"cameraDataFloatArray","00ce829c","Data Label","undefined4","Global","User Defined"
"+SpeedBooster","00ce82a4","Data Label","int","Global","User Defined"
"partColorOffset","00cec190","Data Label","undefined4","Global","User Defined"
"InPppOtFunc","00cec194","Data Label","undefined4","Global","User Defined"
"numFillBufferRequest","00cec1b0","Data Label","undefined4","Global","User Defined"
"numFillBufferVertices","00cec1c8","Data Label","undefined4","Global","User Defined"
"g_FpLoopFlag","00cec1e0","Data Label","undefined4","Global","User Defined"
"g_FpPointLightId","00cec1e4","Data Label","undefined4","Global","User Defined"
"g_FpPointLightAllocCnt","00cec1e8","Data Label","undefined4","Global","User Defined"
"g_FpPointLightUse","00cec1ec","Data Label","undefined4","Global","User Defined"
"g_FpPacketSize","00cec1f0","Data Label","undefined4","Global","User Defined"
"g_FpPacketUseSize","00cec1f4","Data Label","undefined4","Global","User Defined"
"g_FpPacketMaxUseSize","00cec1f8","Data Label","undefined4","Global","User Defined"
"g_FpHeapUseSize","00cec1fc","Data Label","undefined4","Global","User Defined"
"g_FpHeapMaxUseSize","00cec200","Data Label","undefined4","Global","User Defined"
"g_FpInitHeapDisplay","00cec208","Data Label","undefined4","Global","User Defined"
"g_modelBuffers","00d32850","Data Label","undefined4","Global","User Defined"
"g_endNumBuffers","00d4b450","Data Label","undefined4","Global","User Defined"
"DRAW","00d4e130","Data Label","undefined4","Global","User Defined"
"ppvDbgTemp","00d52388","Data Label","undefined4","Global","User Defined"
"pppWbuf","010d5640","Data Label","undefined","Global","User Defined"
"pppRbuf","010d7640","Data Label","undefined","Global","User Defined"
"hdd_debug_mode","01128a86","Data Label","undefined1","Global","User Defined"
"file_size_tbl_Ex_size","01128a94","Data Label","undefined4","Global","User Defined"
"read_thread_mode","01128aad","Data Label","undefined1","Global","User Defined"
"gMoviePlay","0112a008","Data Label","undefined4","Global","User Defined"
"gMoviePicture","0112a00c","Data Label","undefined4","Global","User Defined"
"battleInMonitor","0112a060","Data Label","undefined4","Global","User Defined"
"dvd_hdd_copy_system_cnf_buff","0112a064","Data Label","undefined4","Global","User Defined"
"dvd_hdd_copy_system_cnf_buff_size","0112a068","Data Label","undefined4","Global","User Defined"
"hdd_inst_info","0112a509","Data Label","undefined1","Global","User Defined"
"btl","0112a8d0","Data Label","Btl","Global","User Defined"
"g_keydown_R","0112ca20","Data Label","undefined4","Global","User Defined"
"g_keybattle","0112ca24","Data Label","undefined4","Global","User Defined"
"g_autotestDisableBattle","0112ca2c","Data Label","undefined1","Global","User Defined"
"force_wait_blur_frame_count","0112ca64","Data Label","undefined4","Global","User Defined"
"gLoadingPhyreBattleMapData","0112ca68","Data Label","undefined4","Global","User Defined"
"HardCode_Battle_AeonName","0112ca78","Data Label","undefined4","Global","User Defined"
"save_ram","0112ca90","Data Label","SaveData","Global","User Defined"
"ms_effect_from_magicfile","0113335c","Data Label","undefined4","Global","User Defined"
"Damage_9999_flag","01133390","Data Label","undefined4","Global","User Defined"
"Damage_99999_flag","01133394","Data Label","undefined4","Global","User Defined"
"g_MsSetDeath_NoDeathMotion","01133398","Data Label","undefined4","Global","User Defined"
"delayToHideChCount","011334c8","Data Label","undefined4","Global","User Defined"
"+player_chrs","011334cc","Data Label","Chr *","Global","User Defined"
"+monster_chrs","01134460","Data Label","Chr *","Global","User Defined"
"+weapons","01134464","Data Label","Weapon *","Global","User Defined"
"+chr_loots","01136060","Data Label","ChrLoot *","Global","User Defined"
"isBtlSetStat","011363a8","Data Label","undefined4","Global","User Defined"
"ZanmatoSep","011363b0","Data Label","undefined4","Global","User Defined"
"delayToHideFlag","01136b40","Data Label","undefined","Global","User Defined"
"subScreenOffsetX","01136fa0","Data Label","undefined","Global","User Defined"
"subScreenOffsetY","01136fa4","Data Label","undefined","Global","User Defined"
"ms_screen","01136fe0","Data Label","undefined","Global","User Defined"
"ms_camera","01137520","Data Label","undefined","Global","User Defined"
"ms_camera","01137550","Data Label","undefined1","Global","User Defined"
"ms_camera_window_flag","01139ec0","Data Label","undefined4","Global","User Defined"
"ms_camera_ref_flag","01139ec4","Data Label","undefined4","Global","User Defined"
"ms_camera_cam_flag","01139ec8","Data Label","undefined4","Global","User Defined"
"ms_battle_info_flag","01139ed0","Data Label","undefined4","Global","User Defined"
"ms_battle_window_flag","01139ed4","Data Label","undefined4","Global","User Defined"
"ms_battle_console_flag","01139ed8","Data Label","undefined4","Global","User Defined"
"ms_battle_config_flag","01139edc","Data Label","undefined4","Global","User Defined"
"ms_battle_chr1_flag","01139ee0","Data Label","undefined4","Global","User Defined"
"ms_battle_chr2_flag","01139ee4","Data Label","undefined4","Global","User Defined"
"ms_camera_shake_flag","01139ee8","Data Label","undefined4","Global","User Defined"
"os_mat_wv","0113fcb0","Data Label","undefined4","Global","User Defined"
"spr_a","0119fdf0","Data Label","undefined","Global","User Defined"
"osbtl","0119fe70","Data Label","undefined4","Global","User Defined"
"+opus_weapons","0119fe80","Data Label","pointer[4]","Global","User Defined"
"spr_rev_a","0119ff70","Data Label","undefined","Global","User Defined"
"os_fog","0119fff0","Data Label","undefined1","Global","User Defined"
"os_mat_unit","011a0080","Data Label","undefined","Global","User Defined"
"ow_init_work_f","011a06e0","Data Label","undefined1","Global","User Defined"
"eff_rgba_w","011a0850","Data Label","undefined","Global","User Defined"
"os_omdc_cue","011a11c0","Data Label","undefined4","Global","User Defined"
"ow_prim","011a1240","Data Label","undefined","Global","User Defined"
"owu_new_osu_a","012a12b8","Data Label","undefined4","Global","User Defined"
"owu_osc","012a12bc","Data Label","undefined4","Global","User Defined"
"os_pad","012a1330","Data Label","undefined","Global","User Defined"
"owu_chr_status","012a2280","Data Label","undefined4","Global","User Defined"
"owu_osua_ta","012a4080","Data Label","undefined4","Global","User Defined"
"owu_eff_status","012a40c0","Data Label","undefined4","Global","User Defined"
"owu_chr_hd","012a80c0","Data Label","undefined4","Global","User Defined"
"owu_chr_drawoff_back","012a8480","Data Label","undefined1","Global","User Defined"
"owu_chr_drawoff","012a8570","Data Label","undefined1","Global","User Defined"
"odat_et_ffx","012a8660","Data Label","undefined4","Global","User Defined"
"odat_et_tex","012a8664","Data Label","undefined","Global","User Defined"
"uv_0154_omd_buf","012e95d8","Data Label","undefined4","Global","User Defined"
"uv_0154_omd_buf_idx","012e95e0","Data Label","undefined4","Global","User Defined"
"sippo_flag","012f40d4","Data Label","undefined4","Global","User Defined"
"g_iIsCloudLocalFull","012fb788","Data Label","undefined4","Global","User Defined"
"g_godmode","012fb78c","Data Label","undefined4","Global","User Defined"
"gParticleDoNotRender","012fb790","Data Label","undefined4","Global","User Defined"
"gFrameSkipDoNotRender","012fb798","Data Label","undefined4","Global","User Defined"
"sg_vcount","012fb7a8","Data Label","undefined4","Global","User Defined"
"msMagicFileStartFlag","012fb870","Data Label","undefined4","Global","User Defined"
"selectLoad","012fb878","Data Label","undefined4","Global","User Defined"
"flg_dream","012fb8a8","Data Label","undefined4","Global","User Defined"
"dreamTexLoadNum","012fb8ac","Data Label","undefined4","Global","User Defined"
"g_eventId","012fbbf8","Data Label","undefined4","Global","User Defined"
"PLAYER","012fbc18","Data Label","undefined4","Global","User Defined"
"ClothLoadingDataPool","012fc550","Data Label","undefined","Global","User Defined"
"gChHideCount","012ffa8c","Data Label","undefined4","Global","User Defined"
"dreamFadeFlag","012ffaa0","Data Label","undefined4","Global","User Defined"
"fadeDirAcc","012ffaa4","Data Label","undefined4","Global","User Defined"
"timeBase","012ffaa8","Data Label","undefined","Global","User Defined"
"fadeAlpha","012ffaac","Data Label","undefined","Global","User Defined"
"gYunaBrokenTongue","01300898","Data Label","undefined4","Global","User Defined"
"Mouse_X","01325200","Data Label","int","Global","User Defined"
"Mouse_Y","01325204","Data Label","int","Global","User Defined"
"g_albhed","01325a84","Data Label","undefined4","Global","User Defined"
"delayStopSep","01325b3c","Data Label","undefined4","Global","User Defined"
"albhed_num","01325b4c","Data Label","undefined4","Global","User Defined"
"+AtelCurCtrlWork","01326ae8","Data Label","AtelWorkerController *","Global","User Defined"
"g_subtitleException","013270c0","Data Label","undefined4","Global","User Defined"
"g_is2Dmap","013270c4","Data Label","undefined4","Global","User Defined"
"IsEternalCalmOver","013270c8","Data Label","undefined4","Global","User Defined"
"IsAtelTextureLoaded","01327100","Data Label","undefined4","Global","User Defined"
"AtelCallTargets","01328518","Data Label","AtelCallTarget *[16]","Global","User Defined"
"+total_sync_v_counter","013301d0","Data Label","undefined4","Global","User Defined"
"TkClipBuf","013306c0","Data Label","undefined","Global","User Defined"
"ffx_langmode","013307f0","Data Label","undefined1","Global","User Defined"
"TkTGSFlag","013307f2","Data Label","undefined1","Global","User Defined"
"ffx_asiaflag","013307f3","Data Label","undefined1","Global","User Defined"
"curEventId","01330804","Data Label","undefined4","Global","User Defined"
"ffx_debugmode","0133c8d0","Data Label","undefined1","Global","User Defined"
"ffx_hddmode","0133c8d3","Data Label","undefined1","Global","User Defined"
"sCurrentTime","0133c8e0","Data Label","undefined","Global","User Defined"
"sLastTime","0133c8e4","Data Label","undefined","Global","User Defined"
"isKeyLPressed","0133c8e8","Data Label","undefined4","Global","User Defined"
"isKeyRPressed","0133c8ec","Data Label","undefined4","Global","User Defined"
"ODBegin","0133c8f0","Data Label","undefined4","Global","User Defined"
"toBtlExecFlag","0133c908","Data Label","undefined4","Global","User Defined"
"toBtlWin","0133c910","Data Label","undefined","Global","User Defined"
"toTarget","0133d090","Data Label","undefined2","Global","User Defined"
"toTargetKeep","0133d1d0","Data Label","undefined4","Global","User Defined"
"g_autoBtl","0133d6a0","Data Label","undefined4","Global","User Defined"
"g_autoBtlResetDefaultMain","0133d6a4","Data Label","undefined4","Global","User Defined"
"g_autoBtlWinType","0133d6a8","Data Label","undefined4","Global","User Defined"
"g_autoBtlNoTarget","0133d6ac","Data Label","undefined4","Global","User Defined"
"g_autoBtlLastGil","01340400","Data Label","undefined","Global","User Defined"
"isAbmapTuto","013407e0","Data Label","undefined4","Global","User Defined"
"IsInTkMenuMainExecuteLoop","013407e4","Data Label","undefined4","Global","User Defined"
"IsInTkMenuFakeLoop","013407ec","Data Label","undefined4","Global","User Defined"
"isWeaponTuto","01340814","Data Label","undefined4","Global","User Defined"
"TOMenuFirstReadEnd","01340819","Data Label","undefined1","Global","User Defined"
"TkMenuFrameKeepAddress","01340830","Data Label","undefined","Global","User Defined"
"+ImportantSortedList","01596f30","Data Label","undefined2","Global","User Defined"
"TOMenuAbilitymapWorkAdrs","01640830","Data Label","undefined","Global","User Defined"
"+TkMenuMainIgnoreJoin","01840830","Data Label","int","Global","User Defined"
"+TkMenuDrawShadeRatio","0184083c","Data Label","undefined4","Global","User Defined"
"+TkMenus","01840848","Data Label","TkMenu *[24]","Global","User Defined"
"TkMenuActiveMask","018408ac","Data Label","undefined4","Global","User Defined"
"+TkMenuMode","018408b8","Data Label","undefined4","Global","User Defined"
"TkMenuHelpMessage","01841bc0","Data Label","undefined4","Global","User Defined"
"TkMenuPrevHelpMessage","01841bc4","Data Label","undefined","Global","User Defined"
"+TkMenuPlayerIdList","01841bd4","Data Label","byte[8]","Global","User Defined"
"+TkMenuPlayerListMax","01841bdc","Data Label","undefined4","Global","User Defined"
"+TkMenuPlayerListMax2","01841be0","Data Label","undefined4","Global","User Defined"
"TkMenuCurrentPlayer","01841be8","Data Label","int","Global","User Defined"
"+TkMenuMainFrameRatioDiff","01841c24","Data Label","undefined","Global","User Defined"
"+TkMenuMainFrameRatio","01841c28","Data Label","undefined4","Global","User Defined"
"drawButtonData","01841ce4","Data Label","undefined4","Global","User Defined"
"toMonitorFlag","01841d03","Data Label","undefined1","Global","User Defined"
"gFontInfo","01841d10","Data Label","undefined","Global","User Defined"
"EventFontNum","01841d50","Data Label","undefined4","Global","User Defined"
"is_auto_set_next_page","01866390","Data Label","undefined1","Global","User Defined"
"eternalcalm_cur_frame_count","01866394","Data Label","undefined4","Global","User Defined"
"toSeparatorData","01869a70","Data Label","SeparatorData[2]","Global","User Defined"
"TkMn2SummonGrowMaxCounter","0186a1fc","Data Label","undefined4","Global","User Defined"
"ImportantCounter","0186a340","Data Label","undefined4","Global","User Defined"
"ImportantListMax","0186a348","Data Label","undefined4","Global","User Defined"
"+TkMenuMainOpenWaitTimer","01871504","Data Label","undefined2","Global","User Defined"
"+TkMenuMainSelectedIndex","01871508","Data Label","undefined4","Global","User Defined"
"+TkMenuMainExchangePlayer1","0187151c","Data Label","int","Global","User Defined"
"+TkMenuMainExchangePlayer2","01871520","Data Label","int","Global","User Defined"
"+TkMenuMainMaxOptions","01871648","Data Label","int","Global","User Defined"
"x_font_adjust","01871668","Data Label","undefined","Global","User Defined"
"y_font_adjust","0187166c","Data Label","undefined","Global","User Defined"
"g_bIsRenderWithoutShadow","0187167c","Data Label","undefined4","Global","User Defined"
"UiFontShadowOffsetX","018716a0","Data Label","undefined","Global","User Defined"
"UiFontShadowOffsetY","018716a4","Data Label","undefined","Global","User Defined"
"InvokedFromSelectCursor","018716b0","Data Label","undefined4","Global","User Defined"
"yiBGRender","01876e00","Data Label","undefined","Global","User Defined"
"is3DScene","01934ec0","Data Label","undefined","Global","User Defined"
"g_pMainWork","0193bf80","Data Label","undefined4","Global","User Defined"
"isNextMagicData","0193fdac","Data Label","undefined4","Global","User Defined"
"g_hideDaigorouFlag","01940ab8","Data Label","undefined4","Global","User Defined"
"g_magicfile_restoreCamera","01940abc","Data Label","undefined4","Global","User Defined"
"g_magic629_backupMegasMatFlag","01940ac0","Data Label","undefined4","Global","User Defined"
"gMonDiedToHide","01940ac4","Data Label","undefined4","Global","User Defined"
"+panel_bin_ptr","01a860e0","Data Label","undefined4","Global","User Defined"
"+sphere_bin_ptr","01a860e4","Data Label","undefined4","Global","User Defined"
"+SLvUsableForMove","01a860fc","Data Label","undefined4","Global","User Defined"
"owd_heapd_st","022c9760","Data Label","undefined","Global","User Defined"
"g_0437_hd","022fb3dc","Data Label","undefined4","Global","User Defined"
"magic_710_count","022fb3f8","Data Label","undefined4","Global","User Defined"
"g_uv0582_vfxList","022fb400","Data Label","undefined4","Global","User Defined"
"ms_configFile","022fb504","Data Label","undefined4","Global","User Defined"
"fov_backup","022fb600","Data Label","undefined","Global","User Defined"
"ms_screen_matrix_backup","022fb620","Data Label","undefined4","Global","User Defined"
"ms_camera_matrix_backup","022fb660","Data Label","undefined4","Global","User Defined"
"InitMagicPRX","022fb6a0","Data Label","undefined4","Global","User Defined"
"GetEffectOverlayTable","022fb6a4","Data Label","undefined","Global","User Defined"
"read_name_pc","022fb6c0","Data Label","undefined","Global","User Defined"
"overLayProgStart","022fd6c0","Data Label","undefined","Global","User Defined"
"dummyreg_uint","023056e8","Data Label","undefined4","Global","User Defined"
"CHRTAGOFFY1","02305804","Data Label","undefined4","Global","User Defined"
"CHRTAGOFFY0","02305808","Data Label","undefined4","Global","User Defined"
"CHRTAGOFFY0","0230580c","Data Label","undefined4","Global","User Defined"
"CHRTAGOFFX0","02305810","Data Label","undefined4","Global","User Defined"
"CHRTAGH","02305824","Data Label","undefined4","Global","User Defined"
"CHRTAGW","02305828","Data Label","undefined4","Global","User Defined"
"lpamng","02305834","Data Label","LpAbilityMapEngine *","Global","User Defined"
"KeThShapeData","02305840","Data Label","undefined4","Global","User Defined"
"wk","0230f9c8","Data Label","undefined4","Global","User Defined"
"vfNXTPERSz","0230f9cc","Data Label","undefined","Global","User Defined"
"vfCURPERSy","0230f9d0","Data Label","undefined","Global","User Defined"
"vfxyCurVec","0230f9e0","Data Label","undefined","Global","User Defined"
"vfzWidSclSz","0230f9f4","Data Label","undefined","Global","User Defined"
"vfwPstg","0230f9f8","Data Label","undefined","Global","User Defined"
"vfxyScl","0230fa00","Data Label","undefined","Global","User Defined"
"vfwAddWid","0230fa08","Data Label","undefined","Global","User Defined"
"vfxWid","0230fa0c","Data Label","undefined","Global","User Defined"
"vfColScl","0230fa10","Data Label","undefined","Global","User Defined"
"vfAddColLt","0230fa20","Data Label","undefined","Global","User Defined"
"vfAddColCe","0230fa30","Data Label","undefined","Global","User Defined"
"vfColLt","0230fa40","Data Label","undefined","Global","User Defined"
"vfColCe","0230fa50","Data Label","undefined","Global","User Defined"
"vfCurWrk","0230fa60","Data Label","undefined","Global","User Defined"
"vfPreWrk","0230fa70","Data Label","undefined","Global","User Defined"
"vfNxtPos","0230fa80","Data Label","undefined","Global","User Defined"
"vfCurPos","0230fa90","Data Label","undefined","Global","User Defined"
"vfPrePos","0230faa0","Data Label","undefined","Global","User Defined"
"vfMat","0230fac0","Data Label","undefined","Global","User Defined"
"screenToWorld","0230fb00","Data Label","undefined","Global","User Defined"
"invCameraMatrix","0230fb40","Data Label","undefined","Global","User Defined"
"invScreenMatrix","0230fb80","Data Label","undefined","Global","User Defined"
"gsSend","0230fbc0","Data Label","undefined","Global","User Defined"
"gsBusy","0230fbc4","Data Label","undefined","Global","User Defined"
"phyreViewProjectionInverseMatrix","0230fbe0","Data Label","undefined4","Global","User Defined"
"phyreViewProjectionMatrix","0230fc20","Data Label","undefined4","Global","User Defined"
"ppvScreenInverseMatrix","0230fc60","Data Label","undefined4","Global","User Defined"
"ppvCameraInverseMatrix","0230fca0","Data Label","undefined4","Global","User Defined"
"ppvMinimapCameraInverseMatrix","0230fce0","Data Label","undefined","Global","User Defined"
"ppvProgIndex","0230fd20","Data Label","undefined4","Global","User Defined"
"pobjcounter","0230fd24","Data Label","undefined4","Global","User Defined"
"ppvCurPrimp","0230fd2c","Data Label","undefined4","Global","User Defined"
"ppvHookFuncTbl","0230fd30","Data Label","undefined4","Global","User Defined"
"ppvUserStopPartF","0230fd34","Data Label","undefined4","Global","User Defined"
"ppvSysStopPartF","0230fd38","Data Label","undefined4","Global","User Defined"
"ppvMemAllocErrorF","0230fd3c","Data Label","undefined4","Global","User Defined"
"ppvChrScl","0230fd50","Data Label","undefined","Global","User Defined"
"ppvColorMatrix","0230fd60","Data Label","undefined","Global","User Defined"
"ppvLightMatrix","0230fda0","Data Label","undefined","Global","User Defined"
"ppvSWMatrixWood","0230fde0","Data Label","undefined","Global","User Defined"
"ppvSWMatrix","0230fe20","Data Label","undefined","Global","User Defined"
"ppvScreenMatrix","0230fe60","Data Label","undefined","Global","User Defined"
"ppvFpCameraMatrixWood","0230fea0","Data Label","undefined","Global","User Defined"
"ppvWorldMatrixWood","0230fee0","Data Label","undefined","Global","User Defined"
"ppvWorldMatrix","0230ff20","Data Label","undefined4","Global","User Defined"
"ppvCameraMatrix","0230ff60","Data Label","undefined","Global","User Defined"
"ppvParMatrix","0230ffa0","Data Label","undefined4","Global","User Defined"
"ppvMng","0230ffe4","Data Label","undefined4","Global","User Defined"
"ppvOtFuncEnv","0230fff0","Data Label","undefined","Global","User Defined"
"tex_anim_wk","02310000","Data Label","undefined4","Global","User Defined"
"FileReadCompleteSemaId","02310c24","Data Label","undefined4","Global","User Defined"
"FileReadSemaId","02310c28","Data Label","undefined4","Global","User Defined"
"cd_read","02310c40","Data Label","CdRead","Global","User Defined"
"file_module_size_tbl","02310cd4","Data Label","undefined4","Global","User Defined"
"btl_ply_win","02310cd8","Data Label","undefined4","Global","User Defined"
"btlgetdata_mes","02310ce0","Data Label","undefined","Global","User Defined"
"btlgetdata","02310ea0","Data Label","BattleRewardData","Global","User Defined"
"btl_lmt_spare_data","02311050","Data Label","undefined4","Global","User Defined"
"delayToHideCh","02311060","Data Label","undefined","Global","User Defined"
"ply_default_name","023110a0","Data Label","undefined1","Global","User Defined"
"ms_paramdata","02311240","Data Label","StatBoostData[31]","Global","User Defined"
"isSystemfileLoad","023112bc","Data Label","undefined4","Global","User Defined"
"BtlEventFtc","023112c0","Data Label","undefined4","Global","User Defined"
"BtlEventMes","023112c4","Data Label","undefined4","Global","User Defined"
"BtlEventName","023112e0","Data Label","undefined1","Global","User Defined"
"btl_file_name_country","02311420","Data Label","undefined","Global","User Defined"
"ms_camera_priority_mask","02311424","Data Label","undefined4","Global","User Defined"
"ms_effect_camera_scrdpt","02311428","Data Label","undefined4","Global","User Defined"
"ms_effect_camera_flag","0231142c","Data Label","undefined4","Global","User Defined"
"ms_camera_now","02311430","Data Label","undefined4","Global","User Defined"
"ms_camera_matrix","02311440","Data Label","undefined4","Global","User Defined"
"ms_screen_matrix","02311480","Data Label","undefined4","Global","User Defined"
"ms_screen_now","023114c0","Data Label","undefined4","Global","User Defined"
"ms_matrix_flag","023114c4","Data Label","undefined4","Global","User Defined"
"ms_view_flag","023114f4","Data Label","int","Global","User Defined"
"ow_v2","023328d0","Data Label","undefined","Global","User Defined"
"ow_v","023328d4","Data Label","undefined4","Global","User Defined"
"oa_dmatospr","023328d8","Data Label","undefined","Global","User Defined"
"oa_dmafromspr","023328dc","Data Label","undefined","Global","User Defined"
"oa_dmagif","023328e0","Data Label","undefined4","Global","User Defined"
"oa_dmavif1","023328e4","Data Label","undefined","Global","User Defined"
"oa_dmavif0","023328e8","Data Label","undefined","Global","User Defined"
"ow_prim_ovl_a","02332e80","Data Label","undefined4","Global","User Defined"
"ow_prim_ovl_ta","02332e84","Data Label","undefined4","Global","User Defined"
"ow_prim_a","02332e8c","Data Label","undefined4","Global","User Defined"
"ow_prim_ta","02332e90","Data Label","undefined4","Global","User Defined"
"spr_rev_index","02332ea0","Data Label","undefined1","Global","User Defined"
"spr_index","02332ea1","Data Label","undefined1","Global","User Defined"
"os_stream_a","023c3520","Data Label","undefined4","Global","User Defined"
"os_soundcue","023c3540","Data Label","undefined4","Global","User Defined"
"odat_et_tex_path","023c38a0","Data Label","undefined","Global","User Defined"
"odat_et_ffx_path","023c39a0","Data Label","undefined","Global","User Defined"
"sg_buf","023c4000","Data Label","undefined1","Global","User Defined"
"sg_light_color","023c4400","Data Label","undefined4","Global","User Defined"
"dropshadow","023c4450","Data Label","undefined","Global","User Defined"
"nb_maxchr","023c44e0","Data Label","undefined4","Global","User Defined"
"chr","023c44e4","Data Label","undefined4","Global","User Defined"
"saveDist","023c4500","Data Label","undefined4","Global","User Defined"
"dist_list","023c5100","Data Label","undefined4","Global","User Defined"
"wl_list","023c5d00","Data Label","undefined4","Global","User Defined"
"chrblk","023c8d00","Data Label","undefined4","Global","User Defined"
"sg_screen_height","023cbbe0","Data Label","undefined4","Global","User Defined"
"sg_screen_width","023cbbe4","Data Label","undefined4","Global","User Defined"
"sg_count","023cbbf0","Data Label","undefined4","Global","User Defined"
"dmaGif","023cbbf4","Data Label","undefined4","Global","User Defined"
"dmaVif1","023cbbf8","Data Label","undefined4","Global","User Defined"
"dmaVif0","023cbbfc","Data Label","undefined4","Global","User Defined"
"Mouse_DblClkCount","023cbc00","Data Label","undefined4","Global","User Defined"
"Mouse_SpZ","023cbc04","Data Label","undefined4","Global","User Defined"
"Mouse_Button","023cbc10","Data Label","undefined4","Global","User Defined"
"AtelEventName","023cbc60","Data Label","undefined1","Global","User Defined"
"EbpMessageAdrs","023cbd60","Data Label","undefined4","Global","User Defined"
"atelbinhdrbuf","023cbd70","Data Label","undefined4","Global","User Defined"
"atelactorbuf","023cbd78","Data Label","undefined4","Global","User Defined"
"gNeedAutoSave","023cbebc","Data Label","undefined4","Global","User Defined"
"TkVoicePtr","023cbec4","Data Label","undefined4","Global","User Defined"
"toGil","023cc038","Data Label","undefined4","Global","User Defined"
"toCom","023cc040","Data Label","undefined4","Global","User Defined"
"toNow","023cc088","Data Label","undefined2","Global","User Defined"
"toActiveBit","023cc08c","Data Label","undefined4","Global","User Defined"
"toBtlWinMinWidth","023cc090","Data Label","undefined2","Global","User Defined"
"toBwNum","023cc092","Data Label","undefined1","Global","User Defined"
"TkBtlEndWeapon","025cc580","Data Label","undefined2 *","Global","User Defined"
"EventFontFullNameArray","025cc5a0","Data Label","undefined1","Global","User Defined"
"BattleFontFullName","025d05a0","Data Label","undefined1","Global","User Defined"
"BattleFontSubPath","025d06a0","Data Label","undefined1","Global","User Defined"
"EventFontFullName","025d07a0","Data Label","undefined1","Global","User Defined"
"EventFontSubPath","025d08a0","Data Label","undefined1","Global","User Defined"
"gDrawInfo","025d09a0","Data Label","undefined4","Global","User Defined"
"separator","025d09bc","Data Label","undefined","Global","User Defined"
"toPad","025d09c0","Data Label","undefined1","Global","User Defined"
"toBtlCtbChrNextH","025d0a80","Data Label","undefined","Global","User Defined"
"toBtlCtbWinY","025d0a88","Data Label","undefined2","Global","User Defined"
"toBtlCtbWinX","025d0a8a","Data Label","undefined2","Global","User Defined"
"toBtlChangeParamOfsY","025d0a8c","Data Label","undefined","Global","User Defined"
"toBtlChangeParamOfsX","025d0a8e","Data Label","undefined","Global","User Defined"
"toBtlChangeFaceOfsY","025d0a90","Data Label","undefined","Global","User Defined"
"toBtlChangeFaceOfsX","025d0a92","Data Label","undefined","Global","User Defined"
"toBtlChangeNameOfsY","025d0a94","Data Label","undefined","Global","User Defined"
"toBtlChangeNameOfsX","025d0a96","Data Label","undefined","Global","User Defined"
"toBtlChangeNextH","025d0a98","Data Label","undefined","Global","User Defined"
"toBtlChangeH","025d0a9a","Data Label","undefined","Global","User Defined"
"toBtlChangeW","025d0a9c","Data Label","undefined","Global","User Defined"
"toBtlChangeY","025d0a9e","Data Label","undefined","Global","User Defined"
"toBtlChangeX","025d0aa0","Data Label","undefined","Global","User Defined"
"toBtlLimitGaugeOfsH","025d0aa2","Data Label","undefined2","Global","User Defined"
"toBtlLimitGaugeOfsW","025d0aa4","Data Label","undefined2","Global","User Defined"
"toBtlLimitGaugeOfsY","025d0aa6","Data Label","undefined2","Global","User Defined"
"toBtlLimitGaugeOfsX","025d0aa8","Data Label","undefined2","Global","User Defined"
"toBtlLimitWakuColor","025d0aac","Data Label","undefined","Global","User Defined"
"toBtlLimitWakuOfsH","025d0ab0","Data Label","undefined2","Global","User Defined"
"toBtlLimitWakuOfsW","025d0ab2","Data Label","undefined2","Global","User Defined"
"toBtlLimitWakuOfsY","025d0ab4","Data Label","undefined2","Global","User Defined"
"toBtlLimitWakuOfsX","025d0ab6","Data Label","undefined2","Global","User Defined"
"toBtlMpValueOfsY","025d0ab8","Data Label","undefined2","Global","User Defined"
"toBtlMpValueOfsX","025d0aba","Data Label","undefined2","Global","User Defined"
"toBtlMpTexOfsY","025d0abc","Data Label","undefined2","Global","User Defined"
"toBtlMpTexOfsX","025d0abe","Data Label","undefined2","Global","User Defined"
"toBtlHpValueOfsY","025d0ac0","Data Label","undefined2","Global","User Defined"
"toBtlHpValueOfsX","025d0ac2","Data Label","undefined2","Global","User Defined"
"toBtlHpTexOfsY","025d0ac4","Data Label","undefined2","Global","User Defined"
"toBtlHpTexOfsX","025d0ac6","Data Label","undefined2","Global","User Defined"
"toBtlParamBackColorA","025d0ac8","Data Label","undefined1","Global","User Defined"
"toBtlParamBackColorB","025d0ac9","Data Label","undefined1","Global","User Defined"
"toBtlParamBackColorG","025d0aca","Data Label","undefined1","Global","User Defined"
"toBtlParamBackColorR","025d0acb","Data Label","undefined1","Global","User Defined"
"toBtlParamBackH","025d0acc","Data Label","undefined2","Global","User Defined"
"toBtlParamBackW","025d0ace","Data Label","undefined2","Global","User Defined"
"toBtlParamBackY","025d0ad0","Data Label","undefined","Global","User Defined"
"toBtlParamBackX","025d0ad2","Data Label","undefined","Global","User Defined"
"toBtlNameOfsY","025d0ad4","Data Label","undefined","Global","User Defined"
"toBtlNameOfsX","025d0ad6","Data Label","undefined","Global","User Defined"
"toBtlTargetPltColor1","025d0ad8","Data Label","undefined","Global","User Defined"
"toBtlTargetPltColor0","025d0adc","Data Label","undefined","Global","User Defined"
"toBtlActivePltColor1","025d0ae0","Data Label","undefined","Global","User Defined"
"toBtlActivePltColor0","025d0ae4","Data Label","undefined","Global","User Defined"
"toBtlStatusPltNextH","025d0ae8","Data Label","undefined","Global","User Defined"
"toBtlStatusPltW","025d0aea","Data Label","undefined","Global","User Defined"
"toBtlStatusPltY","025d0aec","Data Label","undefined","Global","User Defined"
"toBtlStatusPltX","025d0aee","Data Label","undefined","Global","User Defined"
"toBtlComWinColor1","025d0af0","Data Label","undefined","Global","User Defined"
"toBtlComWinColor0","025d0af4","Data Label","undefined","Global","User Defined"
"toBtlComWinY","025d0af8","Data Label","undefined2","Global","User Defined"
"toBtlComWinX","025d0afa","Data Label","undefined2","Global","User Defined"
"toSnopltOY","025d0afc","Data Label","undefined","Global","User Defined"
"toSnopltOX","025d0afe","Data Label","undefined","Global","User Defined"
"toSnopltColor1","025d0b00","Data Label","undefined","Global","User Defined"
"toSnopltColor0","025d0b04","Data Label","undefined","Global","User Defined"
"toSnopltH","025d0b08","Data Label","undefined","Global","User Defined"
"toSnopltW","025d0b0a","Data Label","undefined","Global","User Defined"
"toSnopltY","025d0b0c","Data Label","undefined","Global","User Defined"
"toSnopltX","025d0b0e","Data Label","undefined","Global","User Defined"
"toMenuSummonPltColor1","025d0b10","Data Label","undefined4","Global","User Defined"
"toMenuSummonPltColor0","025d0b14","Data Label","undefined4","Global","User Defined"
"toMenuCfgScrollBarH","025d0b18","Data Label","undefined","Global","User Defined"
"toMenuCfgScrollBarW","025d0b1a","Data Label","undefined","Global","User Defined"
"toSpecialDicBuff","025d0d20","Data Label","undefined","Global","User Defined"
"toMenuCfgScrollBarY","025d0da0","Data Label","undefined","Global","User Defined"
"toMenuCfgScrollBarX","025d0da2","Data Label","undefined","Global","User Defined"
"toFFXToSjisTbl","025d0dc0","Data Label","undefined","Global","User Defined"
"toMenuCfgComStrOY","025d15ae","Data Label","undefined","Global","User Defined"
"toMenuCfgComStrOX","025d15b0","Data Label","undefined","Global","User Defined"
"toMenuCfgComPltColor1","025d15b4","Data Label","undefined","Global","User Defined"
"toMenuCfgComPltColor0","025d15b8","Data Label","undefined","Global","User Defined"
"toMenuItemPlayerPltColor1","025d15c4","Data Label","undefined","Global","User Defined"
"toMenuItemPlayerPltColor0","025d15c8","Data Label","undefined","Global","User Defined"
"toMenuItemPlayerPltLineColor1","025d15cc","Data Label","undefined","Global","User Defined"
"toMenuItemPlayerPltLineColor0","025d15d0","Data Label","undefined","Global","User Defined"
"toMenuItemPlayerPltUnderColor1","025d15d4","Data Label","undefined","Global","User Defined"
"toMenuItemPlayerPltUnderColor0","025d15d8","Data Label","undefined","Global","User Defined"
"toMenuItemPlayerPltShadowColor1","025d15dc","Data Label","undefined","Global","User Defined"
"toMenuItemPlayerPltShadowColor0","025d15e0","Data Label","undefined","Global","User Defined"
"toMenuPlaceStrOfsY","025d15e4","Data Label","undefined","Global","User Defined"
"toMenuPlaceStrOfsX","025d15e6","Data Label","undefined","Global","User Defined"
"toMenuPlaceTexOfsY","025d15e8","Data Label","undefined","Global","User Defined"
"toMenuPlaceTexOfsX","025d15ea","Data Label","undefined","Global","User Defined"
"toMenuPlacePltColor1","025d15ec","Data Label","undefined","Global","User Defined"
"toMenuPlacePltColor0","025d15f0","Data Label","undefined","Global","User Defined"
"toMenuPlacePltW","025d15f4","Data Label","undefined","Global","User Defined"
"toMenuPlacePltY","025d15f6","Data Label","undefined","Global","User Defined"
"toMenuPlacePltX","025d15f8","Data Label","undefined","Global","User Defined"
"toMenuPlaceBackPltColor1","025d15fc","Data Label","undefined","Global","User Defined"
"toMenuPlaceBackPltColor0","025d1600","Data Label","undefined","Global","User Defined"
"toMenuPlaceBackPltW","025d1604","Data Label","undefined","Global","User Defined"
"toMenuPlaceBackPltY","025d1606","Data Label","undefined","Global","User Defined"
"toMenuPlaceBackPltX","025d1608","Data Label","undefined","Global","User Defined"
"toMenuHelpStrOfsY","025d160a","Data Label","undefined","Global","User Defined"
"toMenuHelpStrOfsX","025d160c","Data Label","undefined","Global","User Defined"
"toMenuHelpPltColor1","025d1610","Data Label","undefined","Global","User Defined"
"toMenuHelpPltColor0","025d1614","Data Label","undefined","Global","User Defined"
"toMenuHelpPltW","025d1618","Data Label","undefined2","Global","User Defined"
"toMenuHelpPltY","025d161a","Data Label","undefined2","Global","User Defined"
"toMenuHelpPltX","025d161c","Data Label","undefined2","Global","User Defined"
"toMenuHelpTitlePltColor1","025d1624","Data Label","undefined4","Global","User Defined"
"toMenuHelpTitlePltColor0","025d1628","Data Label","undefined4","Global","User Defined"
"toMenuHelpTitlePltW","025d162c","Data Label","undefined2","Global","User Defined"
"toMenuHelpTitlePltY","025d162e","Data Label","undefined2","Global","User Defined"
"toMenuHelpTitlePltX","025d1630","Data Label","undefined2","Global","User Defined"
"toMenuComStrOfsY","025d1632","Data Label","undefined","Global","User Defined"
"toMenuComStrOfsX","025d1634","Data Label","undefined","Global","User Defined"
"toMenuComPltColor1","025d1638","Data Label","undefined4","Global","User Defined"
"toMenuComPltColor0","025d163c","Data Label","undefined4","Global","User Defined"
"toMenuComPltNextH","025d1640","Data Label","undefined","Global","User Defined"
"toMenuComPltH","025d1642","Data Label","undefined2","Global","User Defined"
"toMenuComPltW","025d1644","Data Label","undefined2","Global","User Defined"
"toMenuComPltY","025d1646","Data Label","undefined","Global","User Defined"
"toMenuComPltX","025d1648","Data Label","undefined","Global","User Defined"
"toMenuSpValueOfsY","025d164a","Data Label","undefined2","Global","User Defined"
"toMenuSpValueOfsX","025d164c","Data Label","undefined2","Global","User Defined"
"toMenuSpTexOfsY","025d164e","Data Label","undefined2","Global","User Defined"
"toMenuSpTexOfsX","025d1650","Data Label","undefined2","Global","User Defined"
"toMenuMpValueOfsY","025d1652","Data Label","undefined2","Global","User Defined"
"toMenuMpValueOfsX","025d1654","Data Label","undefined2","Global","User Defined"
"toMenuMpTexOfsY","025d1656","Data Label","undefined2","Global","User Defined"
"toMenuMpTexOfsX","025d1658","Data Label","undefined2","Global","User Defined"
"toMenuHpValueOfsY","025d165a","Data Label","undefined2","Global","User Defined"
"toMenuHpValueOfsX","025d165c","Data Label","undefined2","Global","User Defined"
"toMenuHpTexOfsY","025d165e","Data Label","undefined2","Global","User Defined"
"toMenuHpTexOfsX","025d1660","Data Label","undefined2","Global","User Defined"
"toMenuNameOfsY","025d1662","Data Label","undefined2","Global","User Defined"
"toMenuNameOfsX","025d1664","Data Label","undefined2","Global","User Defined"
"toMenuNamePltColor1","025d1668","Data Label","undefined4","Global","User Defined"
"toMenuNamePltColor0","025d166c","Data Label","undefined4","Global","User Defined"
"toMenuNamePltNextH","025d1670","Data Label","undefined","Global","User Defined"
"toMenuNamePltW","025d1672","Data Label","undefined2","Global","User Defined"
"toMenuNamePltY","025d1674","Data Label","undefined","Global","User Defined"
"toMenuNamePltX","025d1676","Data Label","undefined","Global","User Defined"
"toMenuBgColorA1","025d1678","Data Label","undefined1","Global","User Defined"
"toMenuBgColorG1","025d1679","Data Label","undefined1","Global","User Defined"
"toMenuBgColorB1","025d167a","Data Label","undefined1","Global","User Defined"
"toMenuBgColorR1","025d167b","Data Label","undefined1","Global","User Defined"
"toMenuBgColorA0","025d167c","Data Label","undefined1","Global","User Defined"
"toMenuBgColorG0","025d167d","Data Label","undefined1","Global","User Defined"
"toMenuBgColorB0","025d167e","Data Label","undefined1","Global","User Defined"
"toMenuBgColorR0","025d167f","Data Label","undefined1","Global","User Defined"
"toMenuBackColorA","025d1680","Data Label","undefined","Global","User Defined"
"toMenuBackColorG","025d1681","Data Label","undefined","Global","User Defined"
"toMenuBackColorB","025d1682","Data Label","undefined","Global","User Defined"
"toMenuBackColorR","025d1683","Data Label","undefined","Global","User Defined"
"toMenuStdPlateColorLimit1","025d1684","Data Label","undefined4","Global","User Defined"
"toMenuStdPlateColorLimit0","025d1688","Data Label","undefined4","Global","User Defined"
"toMenuStdPlateColorAbility1","025d168c","Data Label","undefined4","Global","User Defined"
"toMenuStdPlateColorAbility0","025d1690","Data Label","undefined4","Global","User Defined"
"toMenuStdPlateColorItem1","025d1694","Data Label","undefined4","Global","User Defined"
"toMenuStdPlateColorItem0","025d1698","Data Label","undefined4","Global","User Defined"
"toMenuStdPlateColorNormal1","025d169c","Data Label","undefined4","Global","User Defined"
"toMenuStdPlateColorNormal0","025d16a0","Data Label","undefined4","Global","User Defined"
"toStdCursorEnemyColor","025d16a4","Data Label","undefined","Global","User Defined"
"toStdCursorPlayerColor","025d16a8","Data Label","undefined","Global","User Defined"
"toStdCursorNormalColor","025d16ac","Data Label","undefined","Global","User Defined"
"toStdWindowColor1","025d16b0","Data Label","undefined4","Global","User Defined"
"toStdWindowColor0","025d16b4","Data Label","undefined4","Global","User Defined"
"toMenuActiveFlag","025d16c0","Data Label","undefined4","Global","User Defined"
"NOW_HELP_TEX_NAME","025d16c8","Data Label","undefined4","Global","User Defined"
"SMONITOR_TEX_NAME","025d16cc","Data Label","undefined4","Global","User Defined"
"TkMenuTimerDrawSyncH","025d16d4","Data Label","undefined","Global","User Defined"
"TkMenuTimerCtrlSyncH","025d16d8","Data Label","undefined","Global","User Defined"
"TkMenuTimerFileReadSyncH","025d16dc","Data Label","undefined","Global","User Defined"
"buttonNum","025d16e4","Data Label","undefined4","Global","User Defined"
"g_rcMatClip","025d58a0","Data Label","undefined","Global","User Defined"
"g_rcMatViewClip","025d58e0","Data Label","undefined","Global","User Defined"
"g_rcMatPers","025d5920","Data Label","undefined","Global","User Defined"
"g_rcMatWorldView","025d5960","Data Label","undefined","Global","User Defined"
"g_rcMatWorld","025d59a0","Data Label","undefined","Global","User Defined"
"isDrawMainMenu","025d5ebc","Data Label","undefined4","Global","User Defined"
